<?xml version='1.0' encoding='UTF-8'?>
<?artifactRepository version='1.1.0'?>
<repository name='Bundle pool' type='org.eclipse.equinox.p2.artifact.repository.simpleRepository' version='1'>
  <properties size='2'>
    <property name='p2.system' value='true'/>
    <property name='p2.timestamp' value='1506609462527'/>
  </properties>
  <mappings size='3'>
    <rule filter='(&amp; (classifier=osgi.bundle))' output='${repoUrl}/plugins/${id}_${version}.jar'/>
    <rule filter='(&amp; (classifier=binary))' output='${repoUrl}/binary/${id}_${version}'/>
    <rule filter='(&amp; (classifier=org.eclipse.update.feature))' output='${repoUrl}/features/${id}_${version}.jar'/>
  </mappings>
  <artifacts size='172'>
    <artifact classifier='osgi.bundle' id='javax.annotation' version='1.2.0.v201602091430'>
      <properties size='1'>
        <property name='download.size' value='29148'/>
      </properties>
    </artifact>
    <artifact classifier='osgi.bundle' id='org.eclipse.e4.ui.dialogs' version='1.1.100.v20170104-1425'>
      <properties size='1'>
        <property name='download.size' value='46176'/>
      </properties>
    </artifact>
    <artifact classifier='osgi.bundle' id='org.eclipse.osgi.compatibility.state' version='1.1.0.v20170516-1513'>
      <properties size='1'>
        <property name='download.size' value='244476'/>
      </properties>
    </artifact>
    <artifact classifier='osgi.bundle' id='org.eclipse.rse.connectorservice.local' version='2.1.400.201403100950'>
      <properties size='1'>
        <property name='download.size' value='15796'/>
      </properties>
    </artifact>
    <artifact classifier='osgi.bundle' id='org.eclipse.e4.ui.services' version='1.3.0.v20170307-2032'>
      <properties size='1'>
        <property name='download.size' value='25795'/>
      </properties>
    </artifact>
    <artifact classifier='org.eclipse.update.feature' id='org.eclipse.rse.ftp' version='3.7.1.201704251225'>
      <properties size='1'>
        <property name='download.size' value='20655'/>
      </properties>
      <repositoryProperties size='1'>
        <property name='artifact.folder' value='true'/>
      </repositoryProperties>
    </artifact>
    <artifact classifier='osgi.bundle' id='org.eclipse.rse.subsystems.shells.telnet' version='1.2.300.201403100950'>
      <properties size='1'>
        <property name='download.size' value='19440'/>
      </properties>
    </artifact>
    <artifact classifier='osgi.bundle' id='org.eclipse.rse.connectorservice.ssh' version='2.1.300.201505220524'>
      <properties size='1'>
        <property name='download.size' value='40962'/>
      </properties>
    </artifact>
    <artifact classifier='osgi.bundle' id='org.eclipse.e4.ui.di' version='1.2.100.v20170414-1137'>
      <properties size='1'>
        <property name='download.size' value='17592'/>
      </properties>
    </artifact>
    <artifact classifier='osgi.bundle' id='org.eclipse.jgit' version='4.8.0.201706111038-r'>
      <properties size='1'>
        <property name='download.size' value='2474713'/>
      </properties>
    </artifact>
    <artifact classifier='osgi.bundle' id='org.apache.commons.net' version='3.2.0.v201305141515'>
      <properties size='1'>
        <property name='download.size' value='293918'/>
      </properties>
    </artifact>
    <artifact classifier='org.eclipse.update.feature' id='org.eclipse.rse.telnet' version='3.7.0.201704251225'>
      <properties size='1'>
        <property name='download.size' value='20679'/>
      </properties>
      <repositoryProperties size='1'>
        <property name='artifact.folder' value='true'/>
      </repositoryProperties>
    </artifact>
    <artifact classifier='osgi.bundle' id='org.slf4j.impl.log4j12' version='1.7.2.v20131105-2200'>
      <properties size='1'>
        <property name='download.size' value='16473'/>
      </properties>
    </artifact>
    <artifact classifier='osgi.bundle' id='org.eclipse.egit.core' version='4.8.0.201706111038-r'>
      <properties size='1'>
        <property name='download.size' value='478657'/>
      </properties>
    </artifact>
    <artifact classifier='osgi.bundle' id='org.eclipse.equinox.launcher' version='1.4.0.v20161219-1356'>
      <properties size='1'>
        <property name='download.size' value='54427'/>
      </properties>
    </artifact>
    <artifact classifier='osgi.bundle' id='org.eclipse.rse.subsystems.shells.local' version='2.1.400.201403100950'>
      <properties size='1'>
        <property name='download.size' value='19543'/>
      </properties>
    </artifact>
    <artifact classifier='osgi.bundle' id='org.eclipse.help' version='3.8.0.v20160823-1530'>
      <properties size='1'>
        <property name='download.size' value='270058'/>
      </properties>
    </artifact>
    <artifact classifier='org.eclipse.update.feature' id='org.eclipse.rse.ssh' version='3.7.0.201704251225'>
      <properties size='1'>
        <property name='download.size' value='20596'/>
      </properties>
      <repositoryProperties size='1'>
        <property name='artifact.folder' value='true'/>
      </repositoryProperties>
    </artifact>
    <artifact classifier='osgi.bundle' id='org.eclipse.core.databinding.property' version='1.6.100.v20170515-1119'>
      <properties size='1'>
        <property name='download.size' value='196563'/>
      </properties>
    </artifact>
    <artifact classifier='osgi.bundle' id='org.eclipse.ui.cheatsheets' version='3.5.100.v20170515-0748'>
      <properties size='1'>
        <property name='download.size' value='343035'/>
      </properties>
    </artifact>
    <artifact classifier='org.eclipse.update.feature' id='org.eclipse.egit' version='4.8.0.201706111038-r'>
      <properties size='1'>
        <property name='download.size' value='18215'/>
      </properties>
      <repositoryProperties size='1'>
        <property name='artifact.folder' value='true'/>
      </repositoryProperties>
    </artifact>
    <artifact classifier='osgi.bundle' id='org.eclipse.core.runtime' version='3.13.0.v20170207-1030'>
      <properties size='1'>
        <property name='download.size' value='75827'/>
      </properties>
    </artifact>
    <artifact classifier='osgi.bundle' id='org.eclipse.jgit.archive' version='4.8.0.201706111038-r'>
      <properties size='1'>
        <property name='download.size' value='26216'/>
      </properties>
    </artifact>
    <artifact classifier='osgi.bundle' id='org.eclipse.rse' version='3.5.0.201403100950'>
      <properties size='1'>
        <property name='download.size' value='13537'/>
      </properties>
    </artifact>
    <artifact classifier='osgi.bundle' id='org.eclipse.core.commands' version='3.9.0.v20170530-1048'>
      <properties size='1'>
        <property name='download.size' value='115689'/>
      </properties>
    </artifact>
    <artifact classifier='osgi.bundle' id='org.eclipse.equinox.simpleconfigurator' version='1.2.0.v20170110-1705'>
      <properties size='1'>
        <property name='download.size' value='46449'/>
      </properties>
    </artifact>
    <artifact classifier='osgi.bundle' id='org.w3c.dom.svg' version='1.1.0.v201011041433'>
      <properties size='1'>
        <property name='download.size' value='97382'/>
      </properties>
    </artifact>
    <artifact classifier='osgi.bundle' id='org.eclipse.rse.doc.user' version='3.4.100.201403101646'>
      <properties size='1'>
        <property name='download.size' value='216713'/>
      </properties>
    </artifact>
    <artifact classifier='osgi.bundle' id='org.eclipse.rse.ui' version='3.3.400.201704241037'>
      <properties size='1'>
        <property name='download.size' value='1712586'/>
      </properties>
    </artifact>
    <artifact classifier='osgi.bundle' id='org.tukaani.xz' version='1.5.0.v20170111-1717'>
      <properties size='1'>
        <property name='download.size' value='118332'/>
      </properties>
    </artifact>
    <artifact classifier='osgi.bundle' id='org.eclipse.e4.ui.workbench.addons.swt' version='1.3.1.v20170319-1442'>
      <properties size='1'>
        <property name='download.size' value='157046'/>
      </properties>
    </artifact>
    <artifact classifier='osgi.bundle' id='org.eclipse.rse.shells.ui' version='3.0.500.201403271554'>
      <properties size='1'>
        <property name='download.size' value='144876'/>
      </properties>
    </artifact>
    <artifact classifier='org.eclipse.update.feature' id='org.eclipse.rse.dstore' version='3.7.0.201704251225'>
      <properties size='1'>
        <property name='download.size' value='20927'/>
      </properties>
      <repositoryProperties size='1'>
        <property name='artifact.folder' value='true'/>
      </repositoryProperties>
    </artifact>
    <artifact classifier='osgi.bundle' id='org.eclipse.equinox.p2.core' version='2.4.100.v20160419-0834'>
      <properties size='1'>
        <property name='download.size' value='73322'/>
      </properties>
    </artifact>
    <artifact classifier='osgi.bundle' id='org.eclipse.emf.ecore.xmi' version='2.13.0.v20170609-0707'>
      <properties size='1'>
        <property name='download.size' value='230576'/>
      </properties>
    </artifact>
    <artifact classifier='org.eclipse.update.feature' id='org.eclipse.e4.rcp' version='1.6.0.v20170612-1255'>
      <properties size='1'>
        <property name='download.size' value='19981'/>
      </properties>
      <repositoryProperties size='1'>
        <property name='artifact.folder' value='true'/>
      </repositoryProperties>
    </artifact>
    <artifact classifier='osgi.bundle' id='org.eclipse.e4.ui.css.swt' version='0.13.0.v20170516-1617'>
      <properties size='1'>
        <property name='download.size' value='262154'/>
      </properties>
    </artifact>
    <artifact classifier='osgi.bundle' id='org.apache.commons.jxpath' version='1.3.0.v200911051830'>
      <properties size='1'>
        <property name='download.size' value='315491'/>
      </properties>
    </artifact>
    <artifact classifier='osgi.bundle' id='org.eclipse.equinox.app' version='1.3.400.v20150715-1528'>
      <properties size='1'>
        <property name='download.size' value='87766'/>
      </properties>
    </artifact>
    <artifact classifier='osgi.bundle' id='org.eclipse.egit' version='4.8.0.201706111038-r'>
      <properties size='1'>
        <property name='download.size' value='11801'/>
      </properties>
    </artifact>
    <artifact classifier='osgi.bundle' id='com.jcraft.jsch' version='0.1.54.v20170116-1932'>
      <properties size='1'>
        <property name='download.size' value='302585'/>
      </properties>
    </artifact>
    <artifact classifier='osgi.bundle' id='org.eclipse.e4.ui.bindings' version='0.12.0.v20170312-2302'>
      <properties size='1'>
        <property name='download.size' value='50790'/>
      </properties>
    </artifact>
    <artifact classifier='osgi.bundle' id='org.eclipse.equinox.event' version='1.4.0.v20170105-1446'>
      <properties size='1'>
        <property name='download.size' value='34721'/>
      </properties>
    </artifact>
    <artifact classifier='osgi.bundle' id='org.eclipse.e4.ui.widgets' version='1.2.0.v20160630-0736'>
      <properties size='1'>
        <property name='download.size' value='15385'/>
      </properties>
    </artifact>
    <artifact classifier='osgi.bundle' id='org.slf4j.api' version='1.7.2.v20121108-1250'>
      <properties size='1'>
        <property name='download.size' value='34566'/>
      </properties>
    </artifact>
    <artifact classifier='osgi.bundle' id='org.eclipse.rse.subsystems.files.core' version='3.3.1.201403100950'>
      <properties size='1'>
        <property name='download.size' value='138359'/>
      </properties>
    </artifact>
    <artifact classifier='osgi.bundle' id='org.eclipse.ui.console' version='3.7.0.v20170315-0941'>
      <properties size='1'>
        <property name='download.size' value='209220'/>
      </properties>
    </artifact>
    <artifact classifier='osgi.bundle' id='org.apache.batik.util.gui' version='1.8.0.v20170214-1941'>
      <properties size='1'>
        <property name='download.size' value='186491'/>
      </properties>
    </artifact>
    <artifact classifier='osgi.bundle' id='org.apache.felix.gogo.runtime' version='0.10.0.v201209301036'>
      <properties size='1'>
        <property name='download.size' value='79641'/>
      </properties>
    </artifact>
    <artifact classifier='osgi.bundle' id='org.eclipse.ui.forms' version='3.7.100.v20170517-1755'>
      <properties size='1'>
        <property name='download.size' value='326384'/>
      </properties>
    </artifact>
    <artifact classifier='osgi.bundle' id='org.eclipse.equinox.ds' version='1.5.0.v20170307-1429'>
      <properties size='1'>
        <property name='download.size' value='28783'/>
      </properties>
    </artifact>
    <artifact classifier='osgi.bundle' id='org.apache.batik.util' version='1.8.0.v20170214-1941'>
      <properties size='1'>
        <property name='download.size' value='130465'/>
      </properties>
    </artifact>
    <artifact classifier='osgi.bundle' id='org.eclipse.rse.subsystems.shells.core' version='3.1.300.201403271554'>
      <properties size='1'>
        <property name='download.size' value='69714'/>
      </properties>
    </artifact>
    <artifact classifier='osgi.bundle' id='org.eclipse.ui.navigator' version='3.7.0.v20170418-1342'>
      <properties size='1'>
        <property name='download.size' value='445338'/>
      </properties>
    </artifact>
    <artifact classifier='osgi.bundle' id='org.apache.felix.scr' version='2.0.10.v20170501-2007'>
      <properties size='1'>
        <property name='download.size' value='372298'/>
      </properties>
    </artifact>
    <artifact classifier='osgi.bundle' id='org.eclipse.core.databinding.beans' version='1.4.0.v20170210-0856'>
      <properties size='1'>
        <property name='download.size' value='80164'/>
      </properties>
    </artifact>
    <artifact classifier='osgi.bundle' id='org.eclipse.egit.ui' version='4.8.0.201706111038-r'>
      <properties size='1'>
        <property name='download.size' value='3148104'/>
      </properties>
    </artifact>
    <artifact classifier='osgi.bundle' id='org.eclipse.equinox.common' version='3.9.0.v20170207-1454'>
      <properties size='1'>
        <property name='download.size' value='121509'/>
      </properties>
    </artifact>
    <artifact classifier='osgi.bundle' id='org.eclipse.core.databinding.observable' version='1.6.100.v20170515-1119'>
      <properties size='1'>
        <property name='download.size' value='354601'/>
      </properties>
    </artifact>
    <artifact classifier='osgi.bundle' id='org.eclipse.e4.ui.workbench3' version='0.14.0.v20160630-0740'>
      <properties size='1'>
        <property name='download.size' value='10947'/>
      </properties>
    </artifact>
    <artifact classifier='osgi.bundle' id='org.eclipse.jsch.core' version='1.3.0.v20160422-1917'>
      <properties size='1'>
        <property name='download.size' value='42230'/>
      </properties>
    </artifact>
    <artifact classifier='osgi.bundle' id='org.apache.felix.gogo.shell' version='0.10.0.v201212101605'>
      <properties size='1'>
        <property name='download.size' value='60225'/>
      </properties>
    </artifact>
    <artifact classifier='org.eclipse.update.feature' id='org.eclipse.emf.common' version='2.13.0.v20170609-0707'>
      <properties size='1'>
        <property name='download.size' value='18224'/>
      </properties>
      <repositoryProperties size='1'>
        <property name='artifact.folder' value='true'/>
      </repositoryProperties>
    </artifact>
    <artifact classifier='osgi.bundle' id='org.eclipse.rse.dstore.security' version='3.0.400.201403100950'>
      <properties size='1'>
        <property name='download.size' value='67980'/>
      </properties>
    </artifact>
    <artifact classifier='osgi.bundle' id='org.eclipse.jface.text' version='3.12.0.v20170523-1043'>
      <properties size='1'>
        <property name='download.size' value='1080987'/>
      </properties>
    </artifact>
    <artifact classifier='osgi.bundle' id='org.eclipse.equinox.preferences' version='3.7.0.v20170126-2132'>
      <properties size='1'>
        <property name='download.size' value='133219'/>
      </properties>
    </artifact>
    <artifact classifier='osgi.bundle' id='org.eclipse.team.core' version='3.8.100.v20170516-0820'>
      <properties size='1'>
        <property name='download.size' value='426131'/>
      </properties>
    </artifact>
    <artifact classifier='osgi.bundle' id='javaewah' version='1.1.6.v20160919-1400'>
      <properties size='1'>
        <property name='download.size' value='184147'/>
      </properties>
    </artifact>
    <artifact classifier='osgi.bundle' id='org.eclipse.emf.common' version='2.13.0.v20170609-0707'>
      <properties size='1'>
        <property name='download.size' value='358560'/>
      </properties>
    </artifact>
    <artifact classifier='osgi.bundle' id='org.eclipse.osgi' version='3.12.0.v20170512-1932'>
      <properties size='1'>
        <property name='download.size' value='1387171'/>
      </properties>
    </artifact>
    <artifact classifier='osgi.bundle' id='org.eclipse.emf.ecore.change' version='2.11.0.v20170609-0707'>
      <properties size='1'>
        <property name='download.size' value='86988'/>
      </properties>
    </artifact>
    <artifact classifier='osgi.bundle' id='org.eclipse.equinox.util' version='1.0.500.v20130404-1337'>
      <properties size='1'>
        <property name='download.size' value='77932'/>
      </properties>
    </artifact>
    <artifact classifier='osgi.bundle' id='org.eclipse.rse.importexport' version='1.2.300.201403100950'>
      <properties size='1'>
        <property name='download.size' value='237404'/>
      </properties>
    </artifact>
    <artifact classifier='osgi.bundle' id='org.eclipse.rse.connectorservice.telnet' version='1.2.300.201505220524'>
      <properties size='1'>
        <property name='download.size' value='26063'/>
      </properties>
    </artifact>
    <artifact classifier='osgi.bundle' id='org.eclipse.dstore.core' version='3.4.0.201501311530'>
      <properties size='1'>
        <property name='download.size' value='395249'/>
      </properties>
    </artifact>
    <artifact classifier='osgi.bundle' id='com.ibm.icu' version='58.2.0.v20170418-1837'>
      <properties size='1'>
        <property name='download.size' value='12058291'/>
      </properties>
    </artifact>
    <artifact classifier='osgi.bundle' id='org.eclipse.rcp' version='4.7.0.v20170612-0950'>
      <properties size='1'>
        <property name='download.size' value='11321'/>
      </properties>
    </artifact>
    <artifact classifier='osgi.bundle' id='org.eclipse.e4.ui.workbench.swt' version='0.14.100.v20170519-1601'>
      <properties size='1'>
        <property name='download.size' value='172142'/>
      </properties>
    </artifact>
    <artifact classifier='osgi.bundle' id='org.eclipse.rse.core' version='3.3.100.201603151753'>
      <properties size='1'>
        <property name='download.size' value='417462'/>
      </properties>
    </artifact>
    <artifact classifier='osgi.bundle' id='org.eclipse.rse.subsystems.processes.core' version='3.1.300.201403100950'>
      <properties size='1'>
        <property name='download.size' value='30769'/>
      </properties>
    </artifact>
    <artifact classifier='osgi.bundle' id='org.eclipse.egit.doc' version='4.8.0.201706111038-r'>
      <properties size='1'>
        <property name='download.size' value='4553821'/>
      </properties>
    </artifact>
    <artifact classifier='osgi.bundle' id='org.eclipse.rse.connectorservice.dstore' version='3.1.301.201403100950'>
      <properties size='1'>
        <property name='download.size' value='69214'/>
      </properties>
    </artifact>
    <artifact classifier='osgi.bundle' id='org.eclipse.core.contenttype' version='3.6.0.v20170207-1037'>
      <properties size='1'>
        <property name='download.size' value='104299'/>
      </properties>
    </artifact>
    <artifact classifier='osgi.bundle' id='org.eclipse.core.filesystem' version='1.7.0.v20170406-1337'>
      <properties size='1'>
        <property name='download.size' value='66690'/>
      </properties>
    </artifact>
    <artifact classifier='osgi.bundle' id='org.eclipse.team.ui' version='3.8.1.v20170515-1133'>
      <properties size='1'>
        <property name='download.size' value='1634521'/>
      </properties>
    </artifact>
    <artifact classifier='osgi.bundle' id='org.eclipse.jface' version='3.13.0.v20170503-1507'>
      <properties size='1'>
        <property name='download.size' value='1097029'/>
      </properties>
    </artifact>
    <artifact classifier='osgi.bundle' id='org.eclipse.e4.core.di.extensions.supplier' version='0.15.0.v20170407-0928'>
      <properties size='1'>
        <property name='download.size' value='35137'/>
      </properties>
    </artifact>
    <artifact classifier='osgi.bundle' id='org.eclipse.rse.subsystems.processes.local' version='2.1.400.201403100950'>
      <properties size='1'>
        <property name='download.size' value='18997'/>
      </properties>
    </artifact>
    <artifact classifier='osgi.bundle' id='com.remainsoftware.gitclient' version='1.0.0.201709281636'>
      <properties size='1'>
        <property name='download.size' value='124212'/>
      </properties>
    </artifact>
    <artifact classifier='osgi.bundle' id='org.eclipse.core.expressions' version='3.6.0.v20170207-1037'>
      <properties size='1'>
        <property name='download.size' value='91726'/>
      </properties>
    </artifact>
    <artifact classifier='org.eclipse.update.feature' id='org.eclipse.emf.ecore' version='2.13.0.v20170609-0707'>
      <properties size='1'>
        <property name='download.size' value='18259'/>
      </properties>
      <repositoryProperties size='1'>
        <property name='artifact.folder' value='true'/>
      </repositoryProperties>
    </artifact>
    <artifact classifier='osgi.bundle' id='org.eclipse.e4.core.di.extensions' version='0.15.0.v20170228-1728'>
      <properties size='1'>
        <property name='download.size' value='11425'/>
      </properties>
    </artifact>
    <artifact classifier='osgi.bundle' id='org.eclipse.update.configurator' version='3.3.400.v20160506-0750'>
      <properties size='1'>
        <property name='download.size' value='102634'/>
      </properties>
    </artifact>
    <artifact classifier='osgi.bundle' id='org.eclipse.rse.efs.ui' version='2.1.400.201403100950'>
      <properties size='1'>
        <property name='download.size' value='22001'/>
      </properties>
    </artifact>
    <artifact classifier='org.eclipse.update.feature' id='org.eclipse.rse.local' version='3.7.0.201704251225'>
      <properties size='1'>
        <property name='download.size' value='20618'/>
      </properties>
      <repositoryProperties size='1'>
        <property name='artifact.folder' value='true'/>
      </repositoryProperties>
    </artifact>
    <artifact classifier='osgi.bundle' id='org.w3c.dom.events' version='3.0.0.draft20060413_v201105210656'>
      <properties size='1'>
        <property name='download.size' value='18205'/>
      </properties>
    </artifact>
    <artifact classifier='osgi.bundle' id='org.eclipse.e4.core.contexts' version='1.6.0.v20170322-1144'>
      <properties size='1'>
        <property name='download.size' value='48411'/>
      </properties>
    </artifact>
    <artifact classifier='org.eclipse.update.feature' id='com.remainsoftware.gitclient.feature' version='1.0.0.201709281636'>
      <properties size='1'>
        <property name='download.size' value='439'/>
      </properties>
      <repositoryProperties size='1'>
        <property name='artifact.folder' value='true'/>
      </repositoryProperties>
    </artifact>
    <artifact classifier='osgi.bundle' id='org.apache.felix.gogo.command' version='0.10.0.v201209301215'>
      <properties size='1'>
        <property name='download.size' value='57040'/>
      </properties>
    </artifact>
    <artifact classifier='osgi.bundle' id='org.eclipse.e4.ui.css.core' version='0.12.100.v20170526-1635'>
      <properties size='1'>
        <property name='download.size' value='216030'/>
      </properties>
    </artifact>
    <artifact classifier='osgi.bundle' id='org.eclipse.e4.ui.workbench' version='1.5.0.v20170412-0908'>
      <properties size='1'>
        <property name='download.size' value='261876'/>
      </properties>
    </artifact>
    <artifact classifier='osgi.bundle' id='org.eclipse.rse.services.local' version='2.2.1.201507180454'>
      <properties size='1'>
        <property name='download.size' value='62760'/>
      </properties>
    </artifact>
    <artifact classifier='osgi.bundle' id='org.eclipse.text' version='3.6.100.v20170203-0814'>
      <properties size='1'>
        <property name='download.size' value='269466'/>
      </properties>
    </artifact>
    <artifact classifier='osgi.bundle' id='org.eclipse.core.filebuffers' version='3.6.100.v20170203-1130'>
      <properties size='1'>
        <property name='download.size' value='120247'/>
      </properties>
    </artifact>
    <artifact classifier='osgi.bundle' id='org.eclipse.swt' version='3.106.0.v20170608-0516'>
      <properties size='1'>
        <property name='download.size' value='19372'/>
      </properties>
    </artifact>
    <artifact classifier='osgi.bundle' id='org.eclipse.ui.editors' version='3.11.0.v20170202-1823'>
      <properties size='1'>
        <property name='download.size' value='638547'/>
      </properties>
    </artifact>
    <artifact classifier='osgi.bundle' id='org.eclipse.e4.core.commands' version='0.12.100.v20170513-0428'>
      <properties size='1'>
        <property name='download.size' value='25607'/>
      </properties>
    </artifact>
    <artifact classifier='osgi.bundle' id='org.eclipse.e4.ui.workbench.renderers.swt' version='0.14.100.v20170612-1255'>
      <properties size='1'>
        <property name='download.size' value='261867'/>
      </properties>
    </artifact>
    <artifact classifier='osgi.bundle' id='org.eclipse.rse.subsystems.processes.dstore' version='2.1.400.201403100950'>
      <properties size='1'>
        <property name='download.size' value='19531'/>
      </properties>
    </artifact>
    <artifact classifier='org.eclipse.update.feature' id='org.eclipse.rse' version='3.7.3.201704251225'>
      <properties size='1'>
        <property name='download.size' value='33452'/>
      </properties>
      <repositoryProperties size='1'>
        <property name='artifact.folder' value='true'/>
      </repositoryProperties>
    </artifact>
    <artifact classifier='osgi.bundle' id='org.eclipse.core.variables' version='3.4.0.v20170113-2056'>
      <properties size='1'>
        <property name='download.size' value='36040'/>
      </properties>
    </artifact>
    <artifact classifier='osgi.bundle' id='org.eclipse.jface.databinding' version='1.8.100.v20170503-1507'>
      <properties size='1'>
        <property name='download.size' value='292294'/>
      </properties>
    </artifact>
    <artifact classifier='osgi.bundle' id='org.eclipse.rse.services.ssh' version='3.2.100.201403281521'>
      <properties size='1'>
        <property name='download.size' value='63046'/>
      </properties>
    </artifact>
    <artifact classifier='org.eclipse.update.feature' id='org.eclipse.rcp' version='4.7.0.v20170612-1255'>
      <properties size='1'>
        <property name='download.size' value='18241'/>
      </properties>
      <repositoryProperties size='1'>
        <property name='artifact.folder' value='true'/>
      </repositoryProperties>
    </artifact>
    <artifact classifier='osgi.bundle' id='org.eclipse.rse.subsystems.files.ftp' version='2.2.100.201601281414'>
      <properties size='1'>
        <property name='download.size' value='35918'/>
      </properties>
    </artifact>
    <artifact classifier='osgi.bundle' id='org.eclipse.compare' version='3.7.100.v20170303-1847'>
      <properties size='1'>
        <property name='download.size' value='878385'/>
      </properties>
    </artifact>
    <artifact classifier='osgi.bundle' id='org.apache.commons.compress' version='1.6.0.v201310281400'>
      <properties size='1'>
        <property name='download.size' value='330806'/>
      </properties>
    </artifact>
    <artifact classifier='osgi.bundle' id='org.eclipse.rse.services' version='3.3.0.201506120731'>
      <properties size='1'>
        <property name='download.size' value='463283'/>
      </properties>
    </artifact>
    <artifact classifier='osgi.bundle' id='org.eclipse.ui.workbench' version='3.110.0.v20170612-1255'>
      <properties size='1'>
        <property name='download.size' value='3734264'/>
      </properties>
    </artifact>
    <artifact classifier='osgi.bundle' id='org.eclipse.equinox.p2.metadata.repository' version='1.2.400.v20170511-1106'>
      <properties size='1'>
        <property name='download.size' value='122423'/>
      </properties>
    </artifact>
    <artifact classifier='osgi.bundle' id='org.eclipse.emf.ecore' version='2.13.0.v20170609-0707'>
      <properties size='1'>
        <property name='download.size' value='1202399'/>
      </properties>
    </artifact>
    <artifact classifier='osgi.bundle' id='org.eclipse.rse.processes.ui' version='3.0.400.201403100950'>
      <properties size='1'>
        <property name='download.size' value='75600'/>
      </properties>
    </artifact>
    <artifact classifier='osgi.bundle' id='org.eclipse.core.net' version='1.3.100.v20170516-0820'>
      <properties size='1'>
        <property name='download.size' value='74737'/>
      </properties>
    </artifact>
    <artifact classifier='osgi.bundle' id='org.eclipse.rse.efs' version='2.1.401.201507172212'>
      <properties size='1'>
        <property name='download.size' value='33915'/>
      </properties>
    </artifact>
    <artifact classifier='osgi.bundle' id='org.eclipse.search' version='3.11.100.v20170515-1603'>
      <properties size='1'>
        <property name='download.size' value='576430'/>
      </properties>
    </artifact>
    <artifact classifier='osgi.bundle' id='org.w3c.dom.smil' version='1.0.1.v200903091627'>
      <properties size='1'>
        <property name='download.size' value='20106'/>
      </properties>
    </artifact>
    <artifact classifier='osgi.bundle' id='org.eclipse.equinox.p2.repository' version='2.3.300.v20170511-1216'>
      <properties size='1'>
        <property name='download.size' value='134161'/>
      </properties>
    </artifact>
    <artifact classifier='osgi.bundle' id='org.eclipse.e4.core.services' version='2.1.0.v20170407-0928'>
      <properties size='1'>
        <property name='download.size' value='56924'/>
      </properties>
    </artifact>
    <artifact classifier='osgi.bundle' id='org.eclipse.ltk.core.refactoring' version='3.8.0.v20170105-1156'>
      <properties size='1'>
        <property name='download.size' value='346369'/>
      </properties>
    </artifact>
    <artifact classifier='osgi.bundle' id='org.eclipse.compare.core' version='3.6.100.v20170516-0820'>
      <properties size='1'>
        <property name='download.size' value='67848'/>
      </properties>
    </artifact>
    <artifact classifier='osgi.bundle' id='javax.inject' version='1.0.0.v20091030'>
      <properties size='1'>
        <property name='download.size' value='16996'/>
      </properties>
    </artifact>
    <artifact classifier='osgi.bundle' id='org.eclipse.equinox.console' version='1.1.300.v20170512-2111'>
      <properties size='1'>
        <property name='download.size' value='120758'/>
      </properties>
    </artifact>
    <artifact classifier='osgi.bundle' id='org.eclipse.rse.subsystems.files.local' version='2.1.300.201403251512'>
      <properties size='1'>
        <property name='download.size' value='27431'/>
      </properties>
    </artifact>
    <artifact classifier='osgi.bundle' id='org.eclipse.ltk.ui.refactoring' version='3.9.0.v20170412-0825'>
      <properties size='1'>
        <property name='download.size' value='506588'/>
      </properties>
    </artifact>
    <artifact classifier='osgi.bundle' id='org.eclipse.rse.subsystems.shells.dstore' version='2.1.400.201403100950'>
      <properties size='1'>
        <property name='download.size' value='21708'/>
      </properties>
    </artifact>
    <artifact classifier='osgi.bundle' id='org.eclipse.equinox.security' version='1.2.300.v20170505-1235'>
      <properties size='1'>
        <property name='download.size' value='109819'/>
      </properties>
    </artifact>
    <artifact classifier='osgi.bundle' id='org.eclipse.ui.workbench.texteditor' version='3.10.100.v20170426-2021'>
      <properties size='1'>
        <property name='download.size' value='669037'/>
      </properties>
    </artifact>
    <artifact classifier='org.eclipse.update.feature' id='org.eclipse.jgit' version='4.8.0.201706111038-r'>
      <properties size='1'>
        <property name='download.size' value='14714'/>
      </properties>
      <repositoryProperties size='1'>
        <property name='artifact.folder' value='true'/>
      </repositoryProperties>
    </artifact>
    <artifact classifier='osgi.bundle' id='org.eclipse.debug.core' version='3.11.0.v20170605-1534'>
      <properties size='1'>
        <property name='download.size' value='392514'/>
      </properties>
    </artifact>
    <artifact classifier='osgi.bundle' id='org.eclipse.equinox.registry' version='3.7.0.v20170222-1344'>
      <properties size='1'>
        <property name='download.size' value='187348'/>
      </properties>
    </artifact>
    <artifact classifier='osgi.bundle' id='org.eclipse.rse.subsystems.processes.shell.linux' version='1.1.400.201403100950'>
      <properties size='1'>
        <property name='download.size' value='33863'/>
      </properties>
    </artifact>
    <artifact classifier='osgi.bundle' id='org.eclipse.core.jobs' version='3.9.0.v20170322-0013'>
      <properties size='1'>
        <property name='download.size' value='107104'/>
      </properties>
    </artifact>
    <artifact classifier='osgi.bundle' id='org.eclipse.equinox.bidi' version='1.1.0.v20160728-1031'>
      <properties size='1'>
        <property name='download.size' value='49765'/>
      </properties>
    </artifact>
    <artifact classifier='osgi.bundle' id='org.apache.log4j' version='1.2.15.v201012070815'>
      <properties size='1'>
        <property name='download.size' value='415047'/>
      </properties>
    </artifact>
    <artifact classifier='osgi.bundle' id='org.eclipse.e4.core.di' version='1.6.100.v20170421-1418'>
      <properties size='1'>
        <property name='download.size' value='54497'/>
      </properties>
    </artifact>
    <artifact classifier='osgi.bundle' id='org.eclipse.core.databinding' version='1.6.100.v20170515-1119'>
      <properties size='1'>
        <property name='download.size' value='207916'/>
      </properties>
    </artifact>
    <artifact classifier='osgi.bundle' id='org.eclipse.osgi.services' version='3.6.0.v20170228-1906'>
      <properties size='1'>
        <property name='download.size' value='121220'/>
      </properties>
    </artifact>
    <artifact classifier='osgi.bundle' id='org.eclipse.e4.core.di.annotations' version='1.6.0.v20170119-2002'>
      <properties size='1'>
        <property name='download.size' value='12282'/>
      </properties>
    </artifact>
    <artifact classifier='osgi.bundle' id='org.eclipse.equinox.launcher.win32.win32.x86_64' version='1.1.500.v20170531-1133'>
      <properties size='1'>
        <property name='download.size' value='30362'/>
      </properties>
      <repositoryProperties size='1'>
        <property name='artifact.folder' value='true'/>
      </repositoryProperties>
    </artifact>
    <artifact classifier='osgi.bundle' id='org.eclipse.e4.emf.xpath' version='0.2.0.v20160630-0728'>
      <properties size='1'>
        <property name='download.size' value='50090'/>
      </properties>
    </artifact>
    <artifact classifier='org.eclipse.update.feature' id='org.eclipse.rse.core' version='3.7.3.201704251225'>
      <properties size='1'>
        <property name='download.size' value='20847'/>
      </properties>
      <repositoryProperties size='1'>
        <property name='artifact.folder' value='true'/>
      </repositoryProperties>
    </artifact>
    <artifact classifier='osgi.bundle' id='org.eclipse.ui' version='3.109.0.v20170411-1742'>
      <properties size='1'>
        <property name='download.size' value='469879'/>
      </properties>
    </artifact>
    <artifact classifier='osgi.bundle' id='org.eclipse.ui.views' version='3.9.0.v20170226-1833'>
      <properties size='1'>
        <property name='download.size' value='110185'/>
      </properties>
    </artifact>
    <artifact classifier='osgi.bundle' id='org.eclipse.rse.files.ui' version='3.2.200.201507172213'>
      <properties size='1'>
        <property name='download.size' value='503709'/>
      </properties>
    </artifact>
    <artifact classifier='osgi.bundle' id='org.eclipse.equinox.p2.metadata' version='2.3.200.v20170511-1106'>
      <properties size='1'>
        <property name='download.size' value='343548'/>
      </properties>
    </artifact>
    <artifact classifier='osgi.bundle' id='org.eclipse.rse.subsystems.shells.ssh' version='2.1.400.201403100950'>
      <properties size='1'>
        <property name='download.size' value='19434'/>
      </properties>
    </artifact>
    <artifact classifier='osgi.bundle' id='org.eclipse.jsch.ui' version='1.3.0.v20160323-1650'>
      <properties size='1'>
        <property name='download.size' value='104621'/>
      </properties>
    </artifact>
    <artifact classifier='osgi.bundle' id='org.eclipse.rse.services.files.ftp' version='3.0.500.201403100950'>
      <properties size='1'>
        <property name='download.size' value='43490'/>
      </properties>
    </artifact>
    <artifact classifier='osgi.bundle' id='org.w3c.css.sac' version='1.3.1.v200903091627'>
      <properties size='1'>
        <property name='download.size' value='38584'/>
      </properties>
    </artifact>
    <artifact classifier='osgi.bundle' id='org.eclipse.rse.subsystems.files.ssh' version='2.1.300.201403100950'>
      <properties size='1'>
        <property name='download.size' value='19189'/>
      </properties>
    </artifact>
    <artifact classifier='osgi.bundle' id='org.eclipse.equinox.p2.engine' version='2.5.0.v20170319-2002'>
      <properties size='1'>
        <property name='download.size' value='214862'/>
      </properties>
    </artifact>
    <artifact classifier='osgi.bundle' id='org.eclipse.e4.ui.model.workbench' version='2.0.0.v20170228-1842'>
      <properties size='1'>
        <property name='download.size' value='389855'/>
      </properties>
    </artifact>
    <artifact classifier='osgi.bundle' id='org.eclipse.rse.services.telnet' version='2.0.400.201403100950'>
      <properties size='1'>
        <property name='download.size' value='24265'/>
      </properties>
    </artifact>
    <artifact classifier='osgi.bundle' id='org.eclipse.ui.ide' version='3.13.0.v20170516-1223'>
      <properties size='1'>
        <property name='download.size' value='2564876'/>
      </properties>
    </artifact>
    <artifact classifier='osgi.bundle' id='org.eclipse.e4.ui.css.swt.theme' version='0.11.0.v20170312-2302'>
      <properties size='1'>
        <property name='download.size' value='28379'/>
      </properties>
    </artifact>
    <artifact classifier='osgi.bundle' id='org.eclipse.osgi.util' version='3.4.0.v20170111-1608'>
      <properties size='1'>
        <property name='download.size' value='50252'/>
      </properties>
    </artifact>
    <artifact classifier='osgi.bundle' id='org.eclipse.rse.subsystems.files.dstore' version='2.1.300.201403100950'>
      <properties size='1'>
        <property name='download.size' value='38899'/>
      </properties>
    </artifact>
    <artifact classifier='osgi.bundle' id='org.eclipse.core.resources' version='3.12.0.v20170417-1558'>
      <properties size='1'>
        <property name='download.size' value='891666'/>
      </properties>
    </artifact>
    <artifact classifier='osgi.bundle' id='org.eclipse.swt.win32.win32.x86_64' version='3.106.0.v20170608-0516'>
      <properties size='1'>
        <property name='download.size' value='2784211'/>
      </properties>
    </artifact>
    <artifact classifier='osgi.bundle' id='org.eclipse.rse.services.dstore' version='3.3.0.201406041609'>
      <properties size='1'>
        <property name='download.size' value='349967'/>
      </properties>
    </artifact>
    <artifact classifier='osgi.bundle' id='org.apache.batik.css' version='1.8.0.v20170214-1941'>
      <properties size='1'>
        <property name='download.size' value='292911'/>
      </properties>
    </artifact>
    <artifact classifier='osgi.bundle' id='org.eclipse.dstore.extra' version='2.1.400.201403100950'>
      <properties size='1'>
        <property name='download.size' value='31482'/>
      </properties>
    </artifact>
  </artifacts>
</repository>
